https://finance.yahoo.com/screener/unsaved/6818b0b7-05d3-4c92-8dd7-4d746b58e45a,238
https://finance.yahoo.com/screener/unsaved/2c706ee8-3cb9-4b1f-a0a7-7977b2eceac9,780
https://finance.yahoo.com/screener/unsaved/d73bd6a6-a00a-4c75-94bf-d2c0acbb9487,1939
https://finance.yahoo.com/screener/unsaved/56c90c14-8305-477d-9ccf-12f0c166b0ba,133
https://finance.yahoo.com/screener/unsaved/8d518749-974f-434a-a237-fbad61f425c4,1035
https://finance.yahoo.com/screener/unsaved/026cabd0-af1a-4800-b42b-27be8b771676,246
https://finance.yahoo.com/screener/unsaved/d4242fec-b0f9-493a-b01d-0661bee74146,141
https://finance.yahoo.com/screener/unsaved/51ba205e-5ed7-4d1e-95f3-1063bf1a0bc7,4870
https://finance.yahoo.com/screener/unsaved/972b8b38-4358-4a7e-ab8e-72d79f240f42,38
https://finance.yahoo.com/screener/unsaved/593d9171-4c3d-4748-b7e9-ad454293f798,9852
https://finance.yahoo.com/screener/unsaved/62c1b0e7-0144-4b38-9b60-fd91a8239b9c,2571
https://finance.yahoo.com/screener/unsaved/6807871c-b1aa-4dfa-941a-2ce8074745e3,1757
https://finance.yahoo.com/screener/unsaved/1c6748bd-2501-46a6-bcca-df10146496b8,274
https://finance.yahoo.com/screener/unsaved/4101ccb3-f771-4f54-a935-beadf57ed500,179
https://finance.yahoo.com/screener/unsaved/c18e1795-e6cf-4c26-9a71-bf0bb529c367,21
https://finance.yahoo.com/screener/unsaved/21d3a517-1fd9-47f4-bef2-42b9b7ce8b09,184
https://finance.yahoo.com/screener/unsaved/4ef22547-8aa3-458b-9ecc-38752aac2f35,196
https://finance.yahoo.com/screener/unsaved/61709eb8-f5b3-46a0-a7d6-a4a091c3d6b5,690
https://finance.yahoo.com/screener/unsaved/9d5c37ba-30ce-46e8-bdb9-db14e72c661a,5701
https://finance.yahoo.com/screener/unsaved/834bb459-0f53-49fa-ad58-abbcf6281770,144
https://finance.yahoo.com/screener/unsaved/8f561ed8-bf1f-4a3c-87fb-071e6db38dd5,2300
https://finance.yahoo.com/screener/unsaved/dc8a0595-5f07-4731-8f6e-5beb327fc0c3,22
https://finance.yahoo.com/screener/unsaved/27e06606-b40c-4507-b988-1e9685f21245,795
https://finance.yahoo.com/screener/unsaved/e5e69107-348e-4229-b7d1-e1ed303dac5c,28
https://finance.yahoo.com/screener/unsaved/50a99589-6d04-421f-8d54-e423a7d7717c,504
https://finance.yahoo.com/screener/unsaved/8342cdec-7bb6-4a7c-b248-01be40f7cd03,4752
https://finance.yahoo.com/screener/unsaved/611bc08e-d200-43d5-b8a3-235b87271344,28
https://finance.yahoo.com/screener/unsaved/48f62c2d-e39d-47b2-9b48-125aabfb993c,371
https://finance.yahoo.com/screener/unsaved/f5a6ab53-6ca3-459a-868b-2e892f0cc065,3906
https://finance.yahoo.com/screener/unsaved/bde99352-5eb8-4368-a2ce-219caf2341e5,2098
https://finance.yahoo.com/screener/unsaved/48fdb984-d46d-4784-bb38-c125bca01591,141
https://finance.yahoo.com/screener/unsaved/6f7ce445-4d0e-4c53-a626-191bcbcaec70,24
https://finance.yahoo.com/screener/unsaved/392a68f3-c2b6-4d2e-85ac-4e58c125d1ac,12
https://finance.yahoo.com/screener/unsaved/19dd69b7-3b46-4029-8ea9-1bbb8965953d,548
https://finance.yahoo.com/screener/unsaved/a97fe19a-de1e-4f07-aebc-c0dd23194450,125
https://finance.yahoo.com/screener/unsaved/2a93c95b-68da-4e68-b5ea-bd24b0c75df5,334
https://finance.yahoo.com/screener/unsaved/8ff2c052-cc25-4caf-92ac-7dd6343ddf5b,146
https://finance.yahoo.com/screener/unsaved/5d85b0f9-2283-4b6e-9ebd-e053ae42dab2,401
https://finance.yahoo.com/screener/unsaved/69fe36cd-c98b-4113-af82-5d937ac73b83,41
https://finance.yahoo.com/screener/unsaved/29baaf3f-17e3-4289-bffb-4f8031ad4ce3,50
https://finance.yahoo.com/screener/unsaved/d964d2ac-3f34-4b99-89d2-25a2ef0b8d03,0
https://finance.yahoo.com/screener/unsaved/d2a11e4a-7eb2-4b04-bc48-4b26d1f93910,267
https://finance.yahoo.com/screener/unsaved/20eb8440-2252-4d83-be8a-26eb1983b9fb,840
https://finance.yahoo.com/screener/unsaved/1dd1e326-4d8a-4382-b73c-e41ce80145ae,511
https://finance.yahoo.com/screener/unsaved/21be60d5-28a3-4d38-ac6b-1fc65272a1d2,1577
https://finance.yahoo.com/screener/unsaved/49de4300-bbcb-498e-8748-9c3970ac6d31,424
https://finance.yahoo.com/screener/unsaved/0e68e7d6-d2f9-40ca-99dd-9d5b55845f5a,2101